{
  "best_epoch": 1,
  "peak_cpu_memory_MB": 0,
  "peak_gpu_0_memory_MB": 1556,
  "training_duration": "00:00:12",
  "training_start_epoch": 0,
  "training_epochs": 5,
  "epoch": 5,
  "training_accuracy": 0.9444054307116105,
  "training_precision": 0.9393939393939394,
  "training_recall": 0.9368131868131868,
  "training_f1_measure": 0.938101788170514,
  "training_loss": 0.17049435011820116,
  "training_cpu_memory_MB": 0.0,
  "training_gpu_0_memory_MB": 1556,
  "validation_accuracy": 0.3605812897366031,
  "validation_precision": 0.30708661417322836,
  "validation_recall": 0.2805755395683453,
  "validation_f1_measure": 0.29323308270671705,
  "validation_loss": 3.0414471891191273,
  "best_validation_accuracy": 0.3751135331516803,
  "best_validation_precision": 0.28205128205128205,
  "best_validation_recall": 0.15827338129496402,
  "best_validation_f1_measure": 0.20276497695847928,
  "best_validation_loss": 1.4223513073391385
}