{
  "best_epoch": 1,
  "peak_cpu_memory_MB": 0,
  "peak_gpu_0_memory_MB": 2928,
  "training_duration": "00:04:28",
  "training_start_epoch": 0,
  "training_epochs": 5,
  "epoch": 5,
  "training_accuracy": 0.8561563670411985,
  "training_precision": 0.8883587786259542,
  "training_recall": 0.8525641025641025,
  "training_f1_measure": 0.8700934579438753,
  "training_loss": 0.4555380182034934,
  "training_cpu_memory_MB": 0.0,
  "training_gpu_0_memory_MB": 2925,
  "validation_accuracy": 0.40962761126248864,
  "validation_precision": 0.44,
  "validation_recall": 0.31654676258992803,
  "validation_f1_measure": 0.36820083682003496,
  "validation_loss": 1.5699813763300579,
  "best_validation_accuracy": 0.45322434150772023,
  "best_validation_precision": 0.4305555555555556,
  "best_validation_recall": 0.4460431654676259,
  "best_validation_f1_measure": 0.43816254416956135,
  "best_validation_loss": 1.22537499666214
}