{
  "best_epoch": 6,
  "peak_cpu_memory_MB": 0,
  "peak_gpu_0_memory_MB": 3967,
  "training_duration": "00:07:43",
  "training_start_epoch": 0,
  "training_epochs": 10,
  "epoch": 10,
  "training_accuracy": 0.5253979400749064,
  "training_precision": 0.55249343832021,
  "training_recall": 0.38553113553113555,
  "training_f1_measure": 0.45415318230847374,
  "training_loss": 1.1250793818217606,
  "training_cpu_memory_MB": 0.0,
  "training_gpu_0_memory_MB": 2155,
  "validation_accuracy": 0.4296094459582198,
  "validation_precision": 0.34210526315789475,
  "validation_recall": 0.2805755395683453,
  "validation_f1_measure": 0.3083003952568674,
  "validation_loss": 1.3741550975375705,
  "best_validation_accuracy": 0.44686648501362397,
  "best_validation_precision": 0.3508771929824561,
  "best_validation_recall": 0.28776978417266186,
  "best_validation_f1_measure": 0.3162055335967884,
  "best_validation_loss": 1.30157823032803
}