{
  "best_epoch": 51,
  "peak_cpu_memory_MB": 0,
  "peak_gpu_0_memory_MB": 1096,
  "training_duration": "00:04:00",
  "training_start_epoch": 0,
  "training_epochs": 51,
  "epoch": 51,
  "training_accuracy": 0.8732709519934907,
  "training_loss": 0.3917178792951556,
  "training_cpu_memory_MB": 0.0,
  "training_gpu_0_memory_MB": 1088,
  "validation_accuracy": 0.8147622427253371,
  "validation_loss": 0.6269609955566894,
  "best_validation_accuracy": 0.8147622427253371,
  "best_validation_loss": 0.6269609955566894
}