{
  "best_epoch": 3,
  "peak_cpu_memory_MB": 0,
  "peak_gpu_0_memory_MB": 1096,
  "training_duration": "00:00:18",
  "training_start_epoch": 0,
  "training_epochs": 3,
  "epoch": 3,
  "training_accuracy": 0.6851098454027664,
  "training_loss": 1.0299682816514721,
  "training_cpu_memory_MB": 0.0,
  "training_gpu_0_memory_MB": 1096,
  "validation_accuracy": 0.6896143837236811,
  "validation_loss": 0.9945708028416136,
  "best_validation_accuracy": 0.6896143837236811,
  "best_validation_loss": 0.9945708028416136
}