{
  "best_epoch": 40,
  "peak_cpu_memory_MB": 0,
  "peak_gpu_0_memory_MB": 1096,
  "training_duration": "00:03:39",
  "training_start_epoch": 0,
  "training_epochs": 46,
  "epoch": 46,
  "training_accuracy": 0.8695077298616761,
  "training_loss": 0.4138123650926274,
  "training_cpu_memory_MB": 0.0,
  "training_gpu_0_memory_MB": 1088,
  "validation_accuracy": 0.8105039034776437,
  "validation_loss": 0.6222870062077557,
  "best_validation_accuracy": 0.8119233498935415,
  "best_validation_loss": 0.6262804690136838
}