{
  "best_epoch": 22,
  "peak_cpu_memory_MB": 0,
  "peak_gpu_0_memory_MB": 1096,
  "training_duration": "00:02:03",
  "training_start_epoch": 0,
  "training_epochs": 23,
  "epoch": 23,
  "training_accuracy": 0.813873067534581,
  "training_loss": 0.5984826892517604,
  "training_cpu_memory_MB": 0.0,
  "training_gpu_0_memory_MB": 1096,
  "validation_accuracy": 0.7977288857345636,
  "validation_loss": 0.6645604159349381,
  "best_validation_accuracy": 0.7977288857345636,
  "best_validation_loss": 0.6705468385966856
}