{
  "best_epoch": 54,
  "peak_cpu_memory_MB": 0,
  "peak_gpu_0_memory_MB": 1096,
  "training_duration": "00:04:45",
  "training_start_epoch": 0,
  "training_epochs": 62,
  "epoch": 62,
  "training_accuracy": 0.8947314890154597,
  "training_loss": 0.32940475019783555,
  "training_cpu_memory_MB": 0.0,
  "training_gpu_0_memory_MB": 1088,
  "validation_accuracy": 0.8147622427253371,
  "validation_loss": 0.6344044642217124,
  "best_validation_accuracy": 0.8176011355571328,
  "best_validation_loss": 0.62343078332696
}