{
  "best_epoch": 30,
  "peak_cpu_memory_MB": 0,
  "peak_gpu_0_memory_MB": 1096,
  "training_duration": "00:02:45",
  "training_start_epoch": 0,
  "training_epochs": 33,
  "epoch": 33,
  "training_accuracy": 0.8412327095199349,
  "training_loss": 0.5050514114464258,
  "training_cpu_memory_MB": 0.0,
  "training_gpu_0_memory_MB": 1088,
  "validation_accuracy": 0.8026969481902059,
  "validation_loss": 0.6362248081227403,
  "best_validation_accuracy": 0.8060089898273007,
  "best_validation_loss": 0.6394707621318468
}