{
  "best_epoch": 7,
  "peak_cpu_memory_MB": 0,
  "peak_gpu_0_memory_MB": 1096,
  "training_duration": "00:00:58",
  "training_start_epoch": 0,
  "training_epochs": 7,
  "epoch": 7,
  "training_accuracy": 0.7367778681855167,
  "training_loss": 0.8704563401542701,
  "training_cpu_memory_MB": 0.0,
  "training_gpu_0_memory_MB": 1096,
  "validation_accuracy": 0.7421339011118997,
  "validation_loss": 0.8464799211986029,
  "best_validation_accuracy": 0.7421339011118997,
  "best_validation_loss": 0.8464799211986029
}