{
  "best_epoch": 27,
  "peak_cpu_memory_MB": 0,
  "peak_gpu_0_memory_MB": 1096,
  "training_duration": "00:02:20",
  "training_start_epoch": 0,
  "training_epochs": 27,
  "epoch": 27,
  "training_accuracy": 0.8260781122864117,
  "training_loss": 0.5558696074967647,
  "training_cpu_memory_MB": 0.0,
  "training_gpu_0_memory_MB": 1096,
  "validation_accuracy": 0.801277501774308,
  "validation_loss": 0.6540244644952576,
  "best_validation_accuracy": 0.801277501774308,
  "best_validation_loss": 0.6540244644952576
}