{
  "best_epoch": 38,
  "peak_cpu_memory_MB": 0,
  "peak_gpu_0_memory_MB": 1096,
  "training_duration": "00:03:09",
  "training_start_epoch": 0,
  "training_epochs": 39,
  "epoch": 39,
  "training_accuracy": 0.858319772172498,
  "training_loss": 0.4622085302003792,
  "training_cpu_memory_MB": 0.0,
  "training_gpu_0_memory_MB": 1088,
  "validation_accuracy": 0.8086113082564467,
  "validation_loss": 0.6270905251600849,
  "best_validation_accuracy": 0.8086113082564467,
  "best_validation_loss": 0.6267881750740778
}