{
  "best_epoch": 40,
  "peak_cpu_memory_MB": 0,
  "peak_gpu_0_memory_MB": 1096,
  "training_duration": "00:03:26",
  "training_start_epoch": 0,
  "training_epochs": 43,
  "epoch": 43,
  "training_accuracy": 0.8619812855980472,
  "training_loss": 0.43554730425504123,
  "training_cpu_memory_MB": 0.0,
  "training_gpu_0_memory_MB": 1088,
  "validation_accuracy": 0.8100307546723444,
  "validation_loss": 0.6281273674894013,
  "best_validation_accuracy": 0.8119233498935415,
  "best_validation_loss": 0.6262804690136838
}