{
  "best_epoch": 12,
  "peak_cpu_memory_MB": 0,
  "peak_gpu_0_memory_MB": 1096,
  "training_duration": "00:01:19",
  "training_start_epoch": 0,
  "training_epochs": 12,
  "epoch": 12,
  "training_accuracy": 0.7703417412530512,
  "training_loss": 0.7533005158622543,
  "training_cpu_memory_MB": 0.0,
  "training_gpu_0_memory_MB": 1096,
  "validation_accuracy": 0.7679205110007097,
  "validation_loss": 0.769282969076242,
  "best_validation_accuracy": 0.7679205110007097,
  "best_validation_loss": 0.769282969076242
}