{
  "best_epoch": 40,
  "peak_cpu_memory_MB": 0,
  "peak_gpu_0_memory_MB": 1096,
  "training_duration": "00:03:43",
  "training_start_epoch": 0,
  "training_epochs": 47,
  "epoch": 47,
  "training_accuracy": 0.8727624084621644,
  "training_loss": 0.4081751150744302,
  "training_cpu_memory_MB": 0.0,
  "training_gpu_0_memory_MB": 1088,
  "validation_accuracy": 0.8107404778802934,
  "validation_loss": 0.6159318566926991,
  "best_validation_accuracy": 0.8119233498935415,
  "best_validation_loss": 0.6262804690136838
}