{
  "best_epoch": 25,
  "peak_cpu_memory_MB": 0,
  "peak_gpu_0_memory_MB": 1096,
  "training_duration": "00:02:11",
  "training_start_epoch": 0,
  "training_epochs": 25,
  "epoch": 25,
  "training_accuracy": 0.8197721724979659,
  "training_loss": 0.5782794623889707,
  "training_cpu_memory_MB": 0.0,
  "training_gpu_0_memory_MB": 1096,
  "validation_accuracy": 0.7991483321504613,
  "validation_loss": 0.6590954529316123,
  "best_validation_accuracy": 0.7991483321504613,
  "best_validation_loss": 0.6590954529316123
}