{
  "best_epoch": 40,
  "peak_cpu_memory_MB": 0,
  "peak_gpu_0_memory_MB": 1096,
  "training_duration": "00:03:22",
  "training_start_epoch": 0,
  "training_epochs": 42,
  "epoch": 42,
  "training_accuracy": 0.8627949552481693,
  "training_loss": 0.4414039616315783,
  "training_cpu_memory_MB": 0.0,
  "training_gpu_0_memory_MB": 1088,
  "validation_accuracy": 0.8086113082564467,
  "validation_loss": 0.6288226776158632,
  "best_validation_accuracy": 0.8119233498935415,
  "best_validation_loss": 0.6262804690136838
}