{
  "best_epoch": 27,
  "peak_cpu_memory_MB": 0,
  "peak_gpu_0_memory_MB": 1096,
  "training_duration": "00:02:24",
  "training_start_epoch": 0,
  "training_epochs": 28,
  "epoch": 28,
  "training_accuracy": 0.8315703824247356,
  "training_loss": 0.5464469259241959,
  "training_cpu_memory_MB": 0.0,
  "training_gpu_0_memory_MB": 1096,
  "validation_accuracy": 0.8010409273716584,
  "validation_loss": 0.6501085594324256,
  "best_validation_accuracy": 0.801277501774308,
  "best_validation_loss": 0.6540244644952576
}