{
  "best_epoch": 22,
  "peak_cpu_memory_MB": 0,
  "peak_gpu_0_memory_MB": 1096,
  "training_duration": "00:01:59",
  "training_start_epoch": 0,
  "training_epochs": 22,
  "epoch": 22,
  "training_accuracy": 0.8122457282343368,
  "training_loss": 0.6069845058894777,
  "training_cpu_memory_MB": 0.0,
  "training_gpu_0_memory_MB": 1096,
  "validation_accuracy": 0.7977288857345636,
  "validation_loss": 0.6705468385966856,
  "best_validation_accuracy": 0.7977288857345636,
  "best_validation_loss": 0.6705468385966856
}