{
  "best_epoch": 18,
  "peak_cpu_memory_MB": 0,
  "peak_gpu_0_memory_MB": 1096,
  "training_duration": "00:01:47",
  "training_start_epoch": 0,
  "training_epochs": 19,
  "epoch": 19,
  "training_accuracy": 0.8044141578519122,
  "training_loss": 0.6414667943661864,
  "training_cpu_memory_MB": 0.0,
  "training_gpu_0_memory_MB": 1096,
  "validation_accuracy": 0.7885024840312278,
  "validation_loss": 0.6946310809354729,
  "best_validation_accuracy": 0.7899219304471257,
  "best_validation_loss": 0.6996364328287431
}