{
  "best_epoch": 30,
  "peak_cpu_memory_MB": 0,
  "peak_gpu_0_memory_MB": 1096,
  "training_duration": "00:02:49",
  "training_start_epoch": 0,
  "training_epochs": 34,
  "epoch": 34,
  "training_accuracy": 0.8475386493083807,
  "training_loss": 0.49654687674982206,
  "training_cpu_memory_MB": 0.0,
  "training_gpu_0_memory_MB": 1088,
  "validation_accuracy": 0.8048261178140526,
  "validation_loss": 0.6309464560898105,
  "best_validation_accuracy": 0.8060089898273007,
  "best_validation_loss": 0.6394707621318468
}