{
  "best_epoch": 54,
  "peak_cpu_memory_MB": 0,
  "peak_gpu_0_memory_MB": 1096,
  "training_duration": "00:04:37",
  "training_start_epoch": 0,
  "training_epochs": 60,
  "epoch": 60,
  "training_accuracy": 0.8933075671277462,
  "training_loss": 0.34042895160760583,
  "training_cpu_memory_MB": 0.0,
  "training_gpu_0_memory_MB": 1088,
  "validation_accuracy": 0.8171279867518334,
  "validation_loss": 0.6305208072733524,
  "best_validation_accuracy": 0.8176011355571328,
  "best_validation_loss": 0.62343078332696
}