{
  "best_epoch": 15,
  "peak_cpu_memory_MB": 0,
  "peak_gpu_0_memory_MB": 1096,
  "training_duration": "00:01:31",
  "training_start_epoch": 0,
  "training_epochs": 15,
  "epoch": 15,
  "training_accuracy": 0.7841741253051261,
  "training_loss": 0.7003178845171805,
  "training_cpu_memory_MB": 0.0,
  "training_gpu_0_memory_MB": 1096,
  "validation_accuracy": 0.7799858055358411,
  "validation_loss": 0.7267332148196092,
  "best_validation_accuracy": 0.7799858055358411,
  "best_validation_loss": 0.7267332148196092
}