{
  "best_epoch": 18,
  "peak_cpu_memory_MB": 0,
  "peak_gpu_0_memory_MB": 1096,
  "training_duration": "00:01:51",
  "training_start_epoch": 0,
  "training_epochs": 20,
  "epoch": 20,
  "training_accuracy": 0.8061432058584215,
  "training_loss": 0.632138788119539,
  "training_cpu_memory_MB": 0.0,
  "training_gpu_0_memory_MB": 1096,
  "validation_accuracy": 0.788975632836527,
  "validation_loss": 0.6905412000617874,
  "best_validation_accuracy": 0.7899219304471257,
  "best_validation_loss": 0.6996364328287431
}