{
  "best_epoch": 40,
  "peak_cpu_memory_MB": 0,
  "peak_gpu_0_memory_MB": 1096,
  "training_duration": "00:03:30",
  "training_start_epoch": 0,
  "training_epochs": 44,
  "epoch": 44,
  "training_accuracy": 0.8643205858421481,
  "training_loss": 0.42953609072833093,
  "training_cpu_memory_MB": 0.0,
  "training_gpu_0_memory_MB": 1088,
  "validation_accuracy": 0.8114502010882423,
  "validation_loss": 0.6200866727401683,
  "best_validation_accuracy": 0.8119233498935415,
  "best_validation_loss": 0.6262804690136838
}