{
  "best_epoch": 13,
  "peak_cpu_memory_MB": 0,
  "peak_gpu_0_memory_MB": 1096,
  "training_duration": "00:01:23",
  "training_start_epoch": 0,
  "training_epochs": 13,
  "epoch": 13,
  "training_accuracy": 0.7775630593978845,
  "training_loss": 0.732414996517556,
  "training_cpu_memory_MB": 0.0,
  "training_gpu_0_memory_MB": 1096,
  "validation_accuracy": 0.7769103383013958,
  "validation_loss": 0.7494692862478655,
  "best_validation_accuracy": 0.7769103383013958,
  "best_validation_loss": 0.7494692862478655
}