{
  "best_epoch": 38,
  "peak_cpu_memory_MB": 0,
  "peak_gpu_0_memory_MB": 1096,
  "training_duration": "00:03:05",
  "training_start_epoch": 0,
  "training_epochs": 38,
  "epoch": 38,
  "training_accuracy": 0.853946297803092,
  "training_loss": 0.4662914109452591,
  "training_cpu_memory_MB": 0.0,
  "training_gpu_0_memory_MB": 1088,
  "validation_accuracy": 0.8086113082564467,
  "validation_loss": 0.6267881750740778,
  "best_validation_accuracy": 0.8086113082564467,
  "best_validation_loss": 0.6267881750740778
}