{
  "best_epoch": 5,
  "peak_cpu_memory_MB": 0,
  "peak_gpu_0_memory_MB": 1096,
  "training_duration": "00:00:26",
  "training_start_epoch": 0,
  "training_epochs": 5,
  "epoch": 5,
  "training_accuracy": 0.7171480878763222,
  "training_loss": 0.9316417276859283,
  "training_cpu_memory_MB": 0.0,
  "training_gpu_0_memory_MB": 1096,
  "validation_accuracy": 0.7227348000946298,
  "validation_loss": 0.9018286826895244,
  "best_validation_accuracy": 0.7227348000946298,
  "best_validation_loss": 0.9018286826895244
}