{
  "best_epoch": 3,
  "peak_cpu_memory_MB": 1359.096,
  "training_duration": "00:47:57",
  "training_start_epoch": 0,
  "training_epochs": 7,
  "epoch": 7,
  "training_accuracy": 0.8315777153558053,
  "training_precision": 0.8563162970106075,
  "training_recall": 0.8131868131868132,
  "training_f1_measure": 0.8341944574917303,
  "training_loss": 0.4445716794510459,
  "training_cpu_memory_MB": 1359.096,
  "validation_accuracy": 0.39691189827429607,
  "validation_precision": 0.3971631205673759,
  "validation_recall": 0.4028776978417266,
  "validation_f1_measure": 0.39999999999994995,
  "validation_loss": 2.3949568714414324,
  "best_validation_accuracy": 0.4732061762034514,
  "best_validation_precision": 0.5402298850574713,
  "best_validation_recall": 0.3381294964028777,
  "best_validation_f1_measure": 0.41592920353977564,
  "best_validation_loss": 1.3394228662763323
}